Category A,Restaurant A
BBQ,ZZQ
BBQ,Smohk RVA BBQ
BBQ,The Smoky Mug
BBQ,Alamo / Frontier by Alamo
BBQ,Deep Run Roadhouse
Breakfast,Moore Street Cafe
Breakfast,Perlys
Breakfast,Joes Inn the Fan
Breakfast,SBs Main Street Love Shack
Breakfast,Millies Diner
Brunch,Perlys
Brunch,LUNCH.SUPPER!
Brunch,SBs Main Street Love Shack
Brunch,Millies Diner
Brunch,Moore Street Cafe
Burgers,Cobra Burger
Burgers,Beauvine Burger Concept
Burgers,Smashed RVA
Burgers,Boulevard Burger and Brew
Burgers,Cobra Cabana
Cafe,Blanchards
Cafe,Lamplighter Coffee Roasters
Cafe,Sub Rosa
Cafe,Sugar and Twine
Cafe,The Smoky Mug
Curry,Lemon Cuisine of India
Curry,Sabai
Curry,Mekong
Curry,Tulsi Indian Cuisine
Curry,Moms Siam
Date Night,Edos Squid
Date Night,LOpossum
Date Night,Stellas
Date Night,Grisette
Date Night,Alewife
Food Truck,Smashed RVA
Food Truck,1115 (Eleven Fifteen)
Food Truck,River City Wood Fire
Food Truck,Intergalactic Tacos
Food Truck,Auntie Nings
Fried Rice,Fat Dragon
Fried Rice,Peter Chang Richmond
Fried Rice,Mekong
Fried Rice,Sabai
Fried Rice,Moms Siam
Hot Dogs,City Dogs
Hot Dogs,Black Lodge
Hot Dogs,Boulevard Burger and Brew
Hot Dogs,Fat Kid Sandwiches inside Hatch Local
Hot Dogs,Horne Dogs
Lunch,Garnetts
Lunch,Union Market
Lunch,Kuba Kuba
Lunch,Joes Inn In The Fan
Lunch,Coppolas Deli
Noodles,Pho Tay Do
Noodles,Mekong
Noodles,Pho Thein Phat / Pho So 1
Noodles,Pho Luca
Noodles,Moms Siam
Pizza,Zorch
Pizza,Pizza Bones
Pizza,Belmont Pizza
Pizza,8 Â½ in The Fan
Pizza,Hot For Pizza
Sandwich,Garnetts
Sandwich,Stanleys
Sandwich,Coppolas Deli
Sandwich,Chioccas
Sandwich,Secret Sandwich Society
Sushi,Lucky AF
Sushi,Akida
Sushi,Fighting Fish
Sushi,Sticky Rice
Sushi,Osaka Sushi and Steak
Tacos,Cabo Fish Taco
Tacos,TBT El Gallo
Tacos,Dont Look Back
Tacos,En Su Boca
Tacos,El Chido
Veg,Goatocado
Veg,821 Cafe
Veg,Roots Natural Kitchen
Veg,Nile Ethiopian
Veg,Harrison Street Cafe
